month,Re
1,1.2225668083078172
2,0.9341112554710324
3,0.9133345467702707
4,0.9440469308813217
5,0.8710048133575667
6,0.8787385224986897
7,0.9527646464335225
8,0.9778422538669623
9,1.0055690627100764
10,1.0583458908669525
11,1.143609239873827
12,1.1965647629088756
